<?xml version="1.0"?>
<dataroot xmlns:od="urn:schemas-microsoft-com:officedata"
  xmlns:xsi="http://www.w3.org/2001/XMLSchema-instance"
  xsi:noNamespaceSchemaLocation="Enums.xsd" generated="2006-05-08T17:42:59">
  <Enums>
    <Tag>22</Tag>
    <Enum>8</Enum>
    <Description>ExchSymb</Description>
  </Enums>
  <Enums>
    <Tag>35</Tag>
    <Enum>0</Enum>
    <Description>Heartbeat</Description>
  </Enums>
  <Enums>
    <Tag>35</Tag>
    <Enum>1</Enum>
    <Description>TestRequest</Description>
  </Enums>
  <Enums>
    <Tag>35</Tag>
    <Enum>2</Enum>
    <Description>ResendRequest</Description>
  </Enums>
  <Enums>
    <Tag>35</Tag>
    <Enum>3</Enum>
    <Description>Reject</Description>
  </Enums>
  <Enums>
    <Tag>35</Tag>
    <Enum>4</Enum>
    <Description>SequenceReset</Description>
  </Enums>
  <Enums>
    <Tag>35</Tag>
    <Enum>5</Enum>
    <Description>Logout</Description>
  </Enums>
  <Enums>
    <Tag>35</Tag>
    <Enum>A</Enum>
    <Description>Logon</Description>
  </Enums>
  <Enums>
    <Tag>35</Tag>
    <Enum>V</Enum>
    <Description>MarketDataRequest</Description>
  </Enums>
  <Enums>
    <Tag>35</Tag>
    <Enum>W</Enum>
    <Description>MarketDataSnapshotFullRefresh</Description>
  </Enums>
  <Enums>
    <Tag>35</Tag>
    <Enum>Y</Enum>
    <Description>MarketDataReject</Description>
  </Enums>
  <Enums>
    <Tag>35</Tag>
    <Enum>xt</Enum>
    <Description>Trace Subscription</Description>
  </Enums>
  <Enums>
    <Tag>43</Tag>
    <Enum>N</Enum>
    <Description>OrigTrans</Description>
  </Enums>
  <Enums>
    <Tag>43</Tag>
    <Enum>Y</Enum>
    <Description>PossDup</Description>
  </Enums>
  <Enums>
    <Tag>97</Tag>
    <Enum>N</Enum>
    <Description>OrigTrans</Description>
  </Enums>
  <Enums>
    <Tag>97</Tag>
    <Enum>Y</Enum>
    <Description>PossResend</Description>
  </Enums>
  <Enums>
    <Tag>98</Tag>
    <Enum>0</Enum>
    <Description>NoneOther</Description>
  </Enums>
  <Enums>
    <Tag>123</Tag>
    <Enum>N</Enum>
    <Description>SequenceResetIgnoreMsgSeqNumnaForFIXMLNotUsed</Description>
  </Enums>
  <Enums>
    <Tag>123</Tag>
    <Enum>Y</Enum>
    <Description>GapFillMessageMsgSeqNumFieldValid</Description>
  </Enums>
  <Enums>
    <Tag>141</Tag>
    <Enum>N</Enum>
    <Description>No</Description>
  </Enums>
  <Enums>
    <Tag>141</Tag>
    <Enum>Y</Enum>
    <Description>Yes</Description>
  </Enums>
  <Enums>
    <Tag>263</Tag>
    <Enum>1</Enum>
    <Description>SnapshotUpdate</Description>
  </Enums>
  <Enums>
    <Tag>263</Tag>
    <Enum>2</Enum>
    <Description>Unsubscribe</Description>
  </Enums>
  <Enums>
    <Tag>265</Tag>
    <Enum>0</Enum>
    <Description>Full</Description>
  </Enums>
  <Enums>
    <Tag>269</Tag>
    <Enum>0</Enum>
    <Description>Bid</Description>
  </Enums>
  <Enums>
    <Tag>269</Tag>
    <Enum>1</Enum>
    <Description>Offer</Description>
  </Enums>
  <Enums>
    <Tag>269</Tag>
    <Enum>2</Enum>
    <Description>Trade</Description>
  </Enums>
  <Enums>
    <Tag>373</Tag>
    <Enum>0</Enum>
    <Description>InvalidTagNumber</Description>
  </Enums>
  <Enums>
    <Tag>373</Tag>
    <Enum>1</Enum>
    <Description>RequiredTagMissing</Description>
  </Enums>
  <Enums>
    <Tag>373</Tag>
    <Enum>10</Enum>
    <Description>SendingTimeAccuracyProblem</Description>
  </Enums>
  <Enums>
    <Tag>373</Tag>
    <Enum>11</Enum>
    <Description>InvalidMsgType</Description>
  </Enums>
  <Enums>
    <Tag>373</Tag>
    <Enum>12</Enum>
    <Description>XMLValidationError</Description>
  </Enums>
  <Enums>
    <Tag>373</Tag>
    <Enum>13</Enum>
    <Description>TagAppearsMoreThanOnce</Description>
  </Enums>
  <Enums>
    <Tag>373</Tag>
    <Enum>14</Enum>
    <Description>TagSpecifiedOutOfRequiredOrder</Description>
  </Enums>
  <Enums>
    <Tag>373</Tag>
    <Enum>15</Enum>
    <Description>RepeatingGroupFieldsOutOfOrder</Description>
  </Enums>
  <Enums>
    <Tag>373</Tag>
    <Enum>16</Enum>
    <Description>IncorrectNumInGroupCountForRepeatingGroup</Description>
  </Enums>
  <Enums>
    <Tag>373</Tag>
    <Enum>17</Enum>
    <Description>NonDataValueIncludesFieldDelimiterSOHCharacter</Description>
  </Enums>
  <Enums>
    <Tag>373</Tag>
    <Enum>2</Enum>
    <Description>TagNotDefinedForThisMessageType</Description>
  </Enums>
  <Enums>
    <Tag>373</Tag>
    <Enum>3</Enum>
    <Description>UndefinedTag</Description>
  </Enums>
  <Enums>
    <Tag>373</Tag>
    <Enum>4</Enum>
    <Description>TagSpecifiedWithoutAValue</Description>
  </Enums>
  <Enums>
    <Tag>373</Tag>
    <Enum>5</Enum>
    <Description>ValueIsIncorrectOutOfRangeForThisTag</Description>
  </Enums>
  <Enums>
    <Tag>373</Tag>
    <Enum>6</Enum>
    <Description>IncorrectDataFormatForValue</Description>
  </Enums>
  <Enums>
    <Tag>373</Tag>
    <Enum>7</Enum>
    <Description>DecryptionProblem</Description>
  </Enums>
  <Enums>
    <Tag>373</Tag>
    <Enum>8</Enum>
    <Description>SignatureProblem</Description>
  </Enums>
  <Enums>
    <Tag>373</Tag>
    <Enum>9</Enum>
    <Description>CompIDProblem</Description>
  </Enums>
  <Enums>
    <Tag>373</Tag>
    <Enum>99</Enum>
    <Description>Other</Description>
  </Enums>
  <Enums>
    <Tag>385</Tag>
    <Enum>R</Enum>
    <Description>Receive</Description>
  </Enums>
  <Enums>
    <Tag>385</Tag>
    <Enum>S</Enum>
    <Description>Send</Description>
  </Enums>
  <Enums>
    <Tag>464</Tag>
    <Enum>N</Enum>
    <Description>Production</Description>
  </Enums>
  <Enums>
    <Tag>464</Tag>
    <Enum>Y</Enum>
    <Description>Test</Description>
  </Enums>
</dataroot>
