<?xml version="1.0" encoding="UTF-8"?><dataroot xmlns:od="urn:schemas-microsoft-com:officedata" xmlns:xsi="http://www.w3.org/2001/XMLSchema-instance">
  <MsgType>
    <MsgType>0</MsgType>
    <MessageName>Heartbeat</MessageName>
    <ComponentType>Message</ComponentType>
    <Category>Session</Category>
    <MsgID>1</MsgID>
    <Section>Session</Section>
    <AbbrName>Heartbeat</AbbrName>
    <OverrideAbbr>Heartbeat</OverrideAbbr>
    <Volume>Volume2</Volume>
    <NotReqXML>1</NotReqXML>
  </MsgType>
  <MsgType>
    <MsgType>1</MsgType>
    <MessageName>TestRequest</MessageName>
    <ComponentType>Message</ComponentType>
    <Category>Session</Category>
    <MsgID>2</MsgID>
    <Section>Session</Section>
    <AbbrName>TestRequest</AbbrName>
    <OverrideAbbr>TestRequest</OverrideAbbr>
    <Volume>Volume2</Volume>
    <NotReqXML>1</NotReqXML>
  </MsgType>
  <MsgType>
    <MsgType>2</MsgType>
    <MessageName>ResendRequest</MessageName>
    <ComponentType>Message</ComponentType>
    <Category>Session</Category>
    <MsgID>3</MsgID>
    <Section>Session</Section>
    <AbbrName>ResendRequest</AbbrName>
    <OverrideAbbr>ResendRequest</OverrideAbbr>
    <Volume>Volume2</Volume>
    <NotReqXML>1</NotReqXML>
  </MsgType>
  <MsgType>
    <MsgType>3</MsgType>
    <MessageName>Reject</MessageName>
    <ComponentType>Message</ComponentType>
    <Category>Session</Category>
    <MsgID>4</MsgID>
    <Section>Session</Section>
    <AbbrName>Reject</AbbrName>
    <OverrideAbbr>Reject</OverrideAbbr>
    <Volume>Volume2</Volume>
    <NotReqXML>1</NotReqXML>
  </MsgType>
  <MsgType>
    <MsgType>4</MsgType>
    <MessageName>SequenceReset</MessageName>
    <ComponentType>Message</ComponentType>
    <Category>Session</Category>
    <MsgID>5</MsgID>
    <Section>Session</Section>
    <AbbrName>SequenceReset</AbbrName>
    <OverrideAbbr>SequenceReset</OverrideAbbr>
    <Volume>Volume2</Volume>
    <NotReqXML>1</NotReqXML>
  </MsgType>
  <MsgType>
    <MsgType>5</MsgType>
    <MessageName>Logout</MessageName>
    <ComponentType>Message</ComponentType>
    <Category>Session</Category>
    <MsgID>6</MsgID>
    <Section>Session</Section>
    <AbbrName>Logout</AbbrName>
    <OverrideAbbr>Logout</OverrideAbbr>
    <Volume>Volume2</Volume>
    <NotReqXML>1</NotReqXML>
  </MsgType>
  <MsgType>
    <MsgType>A</MsgType>
    <MessageName>Logon</MessageName>
    <ComponentType>Message</ComponentType>
    <Category>Session</Category>
    <MsgID>11</MsgID>
    <Section>Session</Section>
    <AbbrName>Logon</AbbrName>
    <OverrideAbbr>Logon</OverrideAbbr>
    <Volume>Volume2</Volume>
    <NotReqXML>1</NotReqXML>
  </MsgType>
  <MsgType>
    <MsgType>V</MsgType>
    <MessageName>MarketDataRequest</MessageName>
    <ComponentType>Message</ComponentType>
    <Category>MarketData</Category>
    <MsgID>29</MsgID>
    <Section>Pre Trade</Section>
    <AbbrName>MktDataReq</AbbrName>
    <Volume>Volume3</Volume>
    <NotReqXML>1</NotReqXML>
  </MsgType>
  <MsgType>
    <MsgType>W</MsgType>
    <MessageName>MarketDataSnapshotFullRefresh</MessageName>
    <ComponentType>Message</ComponentType>
    <Category>MarketData</Category>
    <MsgID>30</MsgID>
    <Section>Pre Trade</Section>
    <AbbrName>MktDataFull</AbbrName>
    <OverrideAbbr>MktDataFull</OverrideAbbr>
    <Volume>Volume3</Volume>
    <NotReqXML>0</NotReqXML>
  </MsgType>
  <MsgType>
    <MsgType>Y</MsgType>
    <MessageName>MarketDataRequestReject</MessageName>
    <ComponentType>Message</ComponentType>
    <Category>MarketData</Category>
    <MsgID>32</MsgID>
    <Section>Pre Trade</Section>
    <AbbrName>MktDataReqRej</AbbrName>
    <Volume>Volume3</Volume>
    <NotReqXML>0</NotReqXML>
  </MsgType>
  
</dataroot>