<?xml version="1.0"?>
<dataroot
		xmlns:xsi="http://www.w3.org/2001/XMLSchema-instance"
		xsi:noNamespaceSchemaLocation="Components.xsd" generated="2006-05-08T17:42:59">
	<Components>
		<ComponentName>StandardHeader</ComponentName>
		<ComponentType>Block</ComponentType>
		<Category>Session</Category>
		<MsgID>1024</MsgID>
		<AbbrName>StandardHeader</AbbrName>
		<OverrideAbbr>Hdr</OverrideAbbr>
		<NotReqXML>1</NotReqXML>
	</Components>
	<Components>
		<ComponentName>StandardTrailer</ComponentName>
		<ComponentType>Block</ComponentType>
		<Category>Session</Category>
		<MsgID>1025</MsgID>
		<AbbrName>StandardTrailer</AbbrName>
		<OverrideAbbr>Trlr</OverrideAbbr>
		<NotReqXML>1</NotReqXML>
	</Components>
	<Components>
		<ComponentName>Instrument</ComponentName>
		<ComponentType>Block</ComponentType>
		<Category>Common</Category>
		<MsgID>1003</MsgID>
		<AbbrName>Instrmt</AbbrName>
		<OverrideAbbr>Instrmt</OverrideAbbr>
		<NotReqXML>0</NotReqXML>
	</Components>
	<Components>
		<ComponentName>OrderQtyData</ComponentName>
		<ComponentType>Block</ComponentType>
		<Category>Common</Category>
		<MsgID>1011</MsgID>
		<AbbrName>OrdQtyData</AbbrName>
		<OverrideAbbr>OrdQty</OverrideAbbr>
		<NotReqXML>0</NotReqXML>
	</Components>
	<Components>
		<ComponentName>PositionQty</ComponentName>
		<ComponentType>BlockRepeating</ComponentType>
		<Category>Common</Category>
		<MsgID>1015</MsgID>
		<AbbrName>Qty</AbbrName>
		<NotReqXML>0</NotReqXML>
	</Components>
	<Components>
		<ComponentName>TrdCapDtGrp</ComponentName>
		<ComponentType>ImplicitBlockRepeating</ComponentType>
		<Category>TradeCapture</Category>
		<MsgID>2069</MsgID>
		<OverrideAbbr>TrdCapDt</OverrideAbbr>
		<NotReqXML>0</NotReqXML>
	</Components>
	<Components>
		<ComponentName>TrdCapRptSideGrp</ComponentName>
		<ComponentType>ImplicitBlockRepeating</ComponentType>
		<Category>TradeCapture</Category>
		<MsgID>2061</MsgID>
		<OverrideAbbr>RptSide</OverrideAbbr>
		<NotReqXML>0</NotReqXML>
	</Components>
</dataroot>
