<?xml version="1.0"?>
<dataroot
        xmlns:xsi="http://www.w3.org/2001/XMLSchema-instance"
        xsi:noNamespaceSchemaLocation="Enums.xsd" generated="2006-05-08T17:42:59">
    <Enums>
        <Tag>22</Tag>
        <Enum>8</Enum>
        <Description>ExchSymb</Description>
    </Enums>
    <Enums>
        <Tag>35</Tag>
        <Enum>0</Enum>
        <Description>Heartbeat</Description>
    </Enums>
    <Enums>
        <Tag>35</Tag>
        <Enum>1</Enum>
        <Description>TestRequest</Description>
    </Enums>
    <Enums>
        <Tag>35</Tag>
        <Enum>2</Enum>
        <Description>ResendRequest</Description>
    </Enums>
    <Enums>
        <Tag>35</Tag>
        <Enum>3</Enum>
        <Description>Reject</Description>
    </Enums>
    <Enums>
        <Tag>35</Tag>
        <Enum>4</Enum>
        <Description>SequenceReset</Description>
    </Enums>
    <Enums>
        <Tag>35</Tag>
        <Enum>5</Enum>
        <Description>Logout</Description>
    </Enums>
    <Enums>
        <Tag>35</Tag>
        <Enum>8</Enum>
        <Description>ExecutionReport</Description>
    </Enums>
    <Enums>
        <Tag>35</Tag>
        <Enum>9</Enum>
        <Description>OrderCancelReject</Description>
    </Enums>
    <Enums>
        <Tag>35</Tag>
        <Enum>A</Enum>
        <Description>Logon</Description>
    </Enums>
    <Enums>
        <Tag>35</Tag>
        <Enum>D</Enum>
        <Description>NewOrderSingle</Description>
    </Enums>
    <Enums>
        <Tag>35</Tag>
        <Enum>F</Enum>
        <Description>OrderCancelRequest</Description>
    </Enums>
    <Enums>
        <Tag>35</Tag>
        <Enum>G</Enum>
        <Description>OrderCancelReplaceRequest</Description>
    </Enums>
    <Enums>
        <Tag>35</Tag>
        <Enum>H</Enum>
        <Description>OrderStatusRequest</Description>
    </Enums>
    <Enums>
        <Tag>35</Tag>
        <Enum>AD</Enum>
        <Description>TradeCaptureReportRequest</Description>
    </Enums>
    <Enums>
        <Tag>35</Tag>
        <Enum>AE</Enum>
        <Description>TradeCaptureReport</Description>
    </Enums>
    <Enums>
        <Tag>35</Tag>
        <Enum>AQ</Enum>
        <Description>TradeCaptureReportRequestAck</Description>
    </Enums>
    <Enums>
        <Tag>35</Tag>
        <Enum>AN</Enum>
        <Description>RequestForPositions</Description>
    </Enums>
    <Enums>
        <Tag>35</Tag>
        <Enum>AP</Enum>
        <Description>PositionReport</Description>
    </Enums>
    <Enums>
        <Tag>39</Tag>
        <Enum>0</Enum>
        <Description>New</Description>
    </Enums>
    <Enums>
        <Tag>39</Tag>
        <Enum>1</Enum>
        <Description>Partial</Description>
    </Enums>
    <Enums>
        <Tag>39</Tag>
        <Enum>2</Enum>
        <Description>Filled</Description>
    </Enums>
    <Enums>
        <Tag>39</Tag>
        <Enum>3</Enum>
        <Description>Done</Description>
    </Enums>
    <Enums>
        <Tag>39</Tag>
        <Enum>4</Enum>
        <Description>Canceled</Description>
    </Enums>
    <Enums>
        <Tag>39</Tag>
        <Enum>6</Enum>
        <Description>Pending Cancel</Description>
    </Enums>
    <Enums>
        <Tag>39</Tag>
        <Enum>7</Enum>
        <Description>Stopped</Description>
    </Enums>
    <Enums>
        <Tag>39</Tag>
        <Enum>8</Enum>
        <Description>Rejected</Description>
    </Enums>
    <Enums>
        <Tag>39</Tag>
        <Enum>9</Enum>
        <Description>Suspended</Description>
    </Enums>
    <Enums>
        <Tag>39</Tag>
        <Enum>A</Enum>
        <Description>PendingNew</Description>
    </Enums>
    <Enums>
        <Tag>39</Tag>
        <Enum>B</Enum>
        <Description>Calculated</Description>
    </Enums>
    <Enums>
        <Tag>39</Tag>
        <Enum>C</Enum>
        <Description>Expired</Description>
    </Enums>
    <Enums>
        <Tag>39</Tag>
        <Enum>D</Enum>
        <Description>AcceptBidding</Description>
    </Enums>
    <Enums>
        <Tag>39</Tag>
        <Enum>E</Enum>
        <Description>PendingRep</Description>
    </Enums>
    <Enums>
        <Tag>40</Tag>
        <Enum>1</Enum>
        <Description>Market</Description>
    </Enums>
    <Enums>
        <Tag>40</Tag>
        <Enum>2</Enum>
        <Description>Limit</Description>
    </Enums>
    <Enums>
        <Tag>40</Tag>
        <Enum>3</Enum>
        <Description>Stop</Description>
    </Enums>
    <Enums>
        <Tag>40</Tag>
        <Enum>4</Enum>
        <Description>StopLimit</Description>
    </Enums>
    <Enums>
        <Tag>43</Tag>
        <Enum>N</Enum>
        <Description>OrigTrans</Description>
    </Enums>
    <Enums>
        <Tag>43</Tag>
        <Enum>Y</Enum>
        <Description>PossDup</Description>
    </Enums>
    <Enums>
        <Tag>54</Tag>
        <Enum>1</Enum>
        <Description>Buy</Description>
    </Enums>
    <Enums>
        <Tag>54</Tag>
        <Enum>2</Enum>
        <Description>Sell</Description>
    </Enums>
    <Enums>
        <Tag>54</Tag>
        <Enum>7</Enum>
        <Description>Undisc</Description>
    </Enums>
    <Enums>
        <Tag>59</Tag>
        <Enum>0</Enum>
        <Description>Day</Description>
    </Enums>
    <Enums>
    <Tag>59</Tag>
      <Enum>1</Enum>
      <Description>GoodTillCancel</Description>
    </Enums>
    <Enums>
        <Tag>59</Tag>
        <Enum>3</Enum>
        <Description>ImmediateOrCancel</Description>
    </Enums>
    <Enums>
        <Tag>59</Tag>
        <Enum>4</Enum>
        <Description>FillOrKill</Description>
    </Enums>
    <Enums>
        <Tag>97</Tag>
        <Enum>N</Enum>
        <Description>OrigTrans</Description>
    </Enums>
    <Enums>
        <Tag>97</Tag>
        <Enum>Y</Enum>
        <Description>PossResend</Description>
    </Enums>
    <Enums>
        <Tag>98</Tag>
        <Enum>0</Enum>
        <Description>NoneOther</Description>
    </Enums>
    <Enums>
        <Tag>102</Tag>
        <Enum>0</Enum>
        <Description>TooLate</Description>
    </Enums>
    <Enums>
        <Tag>102</Tag>
        <Enum>1</Enum>
        <Description>Unknown</Description>
    </Enums>
    <Enums>
        <Tag>102</Tag>
        <Enum>2</Enum>
        <Description>BrokerOpt</Description>
    </Enums>
    <Enums>
        <Tag>102</Tag>
        <Enum>3</Enum>
        <Description>AlreadyPendingCxl</Description>
    </Enums>
    <Enums>
        <Tag>102</Tag>
        <Enum>4</Enum>
        <Description>UnableToProcess</Description>
    </Enums>
    <Enums>
        <Tag>102</Tag>
        <Enum>5</Enum>
        <Description>OrigOrdModTimeMismatch</Description>
    </Enums>
    <Enums>
        <Tag>102</Tag>
        <Enum>6</Enum>
        <Description>DupClOrdID</Description>
    </Enums>
    <Enums>
        <Tag>102</Tag>
        <Enum>99</Enum>
        <Description>Other</Description>
    </Enums>
    <Enums>
        <Tag>103</Tag>
        <Enum>0</Enum>
        <Description>BrokerOpt</Description>
    </Enums>
    <Enums>
        <Tag>103</Tag>
        <Enum>1</Enum>
        <Description>UnknownSym</Description>
    </Enums>
    <Enums>
        <Tag>103</Tag>
        <Enum>10</Enum>
        <Description>InvInvID</Description>
    </Enums>
    <Enums>
        <Tag>103</Tag>
        <Enum>11</Enum>
        <Description>UnsuppOrderChar</Description>
    </Enums>
    <Enums>
        <Tag>103</Tag>
        <Enum>12</Enum>
        <Description>Surveillence</Description>
    </Enums>
    <Enums>
        <Tag>103</Tag>
        <Enum>13</Enum>
        <Description>IncorrectQuantity</Description>
    </Enums>
    <Enums>
        <Tag>103</Tag>
        <Enum>14</Enum>
        <Description>IncorrectAllocatedQuantity</Description>
    </Enums>
    <Enums>
        <Tag>103</Tag>
        <Enum>15</Enum>
        <Description>UnknownAccounts</Description>
    </Enums>
    <Enums>
        <Tag>103</Tag>
        <Enum>2</Enum>
        <Description>ExchClosed</Description>
    </Enums>
    <Enums>
        <Tag>103</Tag>
        <Enum>3</Enum>
        <Description>ExceedsLim</Description>
    </Enums>
    <Enums>
        <Tag>103</Tag>
        <Enum>4</Enum>
        <Description>TooLate</Description>
    </Enums>
    <Enums>
        <Tag>103</Tag>
        <Enum>5</Enum>
        <Description>Unknown</Description>
    </Enums>
    <Enums>
        <Tag>103</Tag>
        <Enum>6</Enum>
        <Description>Duplicate</Description>
    </Enums>
    <Enums>
        <Tag>103</Tag>
        <Enum>7</Enum>
        <Description>DuplicateVerbal</Description>
    </Enums>
    <Enums>
        <Tag>103</Tag>
        <Enum>8</Enum>
        <Description>Stale</Description>
    </Enums>
    <Enums>
        <Tag>103</Tag>
        <Enum>9</Enum>
        <Description>TradeAlongReq</Description>
    </Enums>
    <Enums>
        <Tag>103</Tag>
        <Enum>99</Enum>
        <Description>Other</Description>
    </Enums>
    <Enums>
        <Tag>123</Tag>
        <Enum>N</Enum>
        <Description>SequenceResetIgnoreMsgSeqNumnaForFIXMLNotUsed</Description>
    </Enums>
    <Enums>
        <Tag>123</Tag>
        <Enum>Y</Enum>
        <Description>GapFillMessageMsgSeqNumFieldValid</Description>
    </Enums>
    <Enums>
        <Tag>141</Tag>
        <Enum>N</Enum>
        <Description>No</Description>
    </Enums>
    <Enums>
        <Tag>141</Tag>
        <Enum>Y</Enum>
        <Description>Yes</Description>
    </Enums>
    <Enums>
        <Tag>150</Tag>
        <Enum>0</Enum>
        <Description>New</Description>
    </Enums>
    <Enums>
        <Tag>150</Tag>
        <Enum>3</Enum>
        <Description>Done</Description>
    </Enums>
    <Enums>
        <Tag>150</Tag>
        <Enum>4</Enum>
        <Description>Canceled</Description>
    </Enums>
    <Enums>
        <Tag>150</Tag>
        <Enum>5</Enum>
        <Description>Replaced</Description>
    </Enums>
    <Enums>
        <Tag>150</Tag>
        <Enum>6</Enum>
        <Description>PendingCxl</Description>
    </Enums>
    <Enums>
        <Tag>150</Tag>
        <Enum>7</Enum>
        <Description>Stopped</Description>
    </Enums>
    <Enums>
        <Tag>150</Tag>
        <Enum>8</Enum>
        <Description>Rejected</Description>
    </Enums>
    <Enums>
        <Tag>150</Tag>
        <Enum>9</Enum>
        <Description>Suspended</Description>
    </Enums>
    <Enums>
        <Tag>150</Tag>
        <Enum>A</Enum>
        <Description>PendingNew</Description>
    </Enums>
    <Enums>
        <Tag>150</Tag>
        <Enum>B</Enum>
        <Description>Calculated</Description>
    </Enums>
    <Enums>
        <Tag>150</Tag>
        <Enum>C</Enum>
        <Description>Expired</Description>
    </Enums>
    <Enums>
        <Tag>150</Tag>
        <Enum>D</Enum>
        <Description>Restated</Description>
    </Enums>
    <Enums>
        <Tag>150</Tag>
        <Enum>E</Enum>
        <Description>PendingReplace</Description>
    </Enums>
    <Enums>
        <Tag>150</Tag>
        <Enum>F</Enum>
        <Description>Trade</Description>
    </Enums>
    <Enums>
        <Tag>150</Tag>
        <Enum>G</Enum>
        <Description>TradeCorrect</Description>
    </Enums>
    <Enums>
        <Tag>150</Tag>
        <Enum>H</Enum>
        <Description>TradeCancel</Description>
    </Enums>
    <Enums>
        <Tag>150</Tag>
        <Enum>I</Enum>
        <Description>OrderStatus</Description>
    </Enums>
	<Enums>
		<Tag>263</Tag>
		<Enum>0</Enum>
		<Description>Snapshot</Description>
	</Enums>
    <Enums>
        <Tag>263</Tag>
        <Enum>1</Enum>
        <Description>Snapshot and Updates</Description>
    </Enums>
    <Enums>
        <Tag>373</Tag>
        <Enum>0</Enum>
        <Description>InvalidTagNumber</Description>
    </Enums>
    <Enums>
        <Tag>373</Tag>
        <Enum>1</Enum>
        <Description>RequiredTagMissing</Description>
    </Enums>
    <Enums>
        <Tag>373</Tag>
        <Enum>10</Enum>
        <Description>SendingTimeAccuracyProblem</Description>
    </Enums>
    <Enums>
        <Tag>373</Tag>
        <Enum>11</Enum>
        <Description>InvalidMsgType</Description>
    </Enums>
    <Enums>
        <Tag>373</Tag>
        <Enum>12</Enum>
        <Description>XMLValidationError</Description>
    </Enums>
    <Enums>
        <Tag>373</Tag>
        <Enum>13</Enum>
        <Description>TagAppearsMoreThanOnce</Description>
    </Enums>
    <Enums>
        <Tag>373</Tag>
        <Enum>14</Enum>
        <Description>TagSpecifiedOutOfRequiredOrder</Description>
    </Enums>
    <Enums>
        <Tag>373</Tag>
        <Enum>15</Enum>
        <Description>RepeatingGroupFieldsOutOfOrder</Description>
    </Enums>
    <Enums>
        <Tag>373</Tag>
        <Enum>16</Enum>
        <Description>IncorrectNumInGroupCountForRepeatingGroup</Description>
    </Enums>
    <Enums>
        <Tag>373</Tag>
        <Enum>17</Enum>
        <Description>NonDataValueIncludesFieldDelimiterSOHCharacter</Description>
    </Enums>
    <Enums>
        <Tag>373</Tag>
        <Enum>2</Enum>
        <Description>TagNotDefinedForThisMessageType</Description>
    </Enums>
    <Enums>
        <Tag>373</Tag>
        <Enum>3</Enum>
        <Description>UndefinedTag</Description>
    </Enums>
    <Enums>
        <Tag>373</Tag>
        <Enum>4</Enum>
        <Description>TagSpecifiedWithoutAValue</Description>
    </Enums>
    <Enums>
        <Tag>373</Tag>
        <Enum>5</Enum>
        <Description>ValueIsIncorrectOutOfRangeForThisTag</Description>
    </Enums>
    <Enums>
        <Tag>373</Tag>
        <Enum>6</Enum>
        <Description>IncorrectDataFormatForValue</Description>
    </Enums>
    <Enums>
        <Tag>373</Tag>
        <Enum>7</Enum>
        <Description>DecryptionProblem</Description>
    </Enums>
    <Enums>
        <Tag>373</Tag>
        <Enum>8</Enum>
        <Description>SignatureProblem</Description>
    </Enums>
    <Enums>
        <Tag>373</Tag>
        <Enum>9</Enum>
        <Description>CompIDProblem</Description>
    </Enums>
    <Enums>
        <Tag>373</Tag>
        <Enum>99</Enum>
        <Description>Other</Description>
    </Enums>
    <Enums>
        <Tag>385</Tag>
        <Enum>R</Enum>
        <Description>Receive</Description>
    </Enums>
    <Enums>
        <Tag>385</Tag>
        <Enum>S</Enum>
        <Description>Send</Description>
    </Enums>
    <Enums>
        <Tag>434</Tag>
        <Enum>1</Enum>
        <Description>OrdCxlReq</Description>
    </Enums>
    <Enums>
        <Tag>434</Tag>
        <Enum>2</Enum>
        <Description>OrdCxlRepReq</Description>
    </Enums>
    <Enums>
        <Tag>464</Tag>
        <Enum>N</Enum>
        <Description>Production</Description>
    </Enums>
    <Enums>
        <Tag>464</Tag>
        <Enum>Y</Enum>
        <Description>Test</Description>
    </Enums>
	<Enums>
		<Tag>569</Tag>
		<Enum>1</Enum>
		<Description>MatchedTrades</Description>
	</Enums>
	<Enums>
		<Tag>749</Tag>
		<Enum>0</Enum>
		<Description>Successful</Description>
	</Enums>
	<Enums>
		<Tag>749</Tag>
		<Enum>99</Enum>
		<Description>Other</Description>
	</Enums>
	<Enums>
		<Tag>750</Tag>
		<Enum>0</Enum>
		<Description>Accepted</Description>
	</Enums>
	<Enums>
		<Tag>750</Tag>
		<Enum>2</Enum>
		<Description>Rejected</Description>
	</Enums>
</dataroot>