<?xml version="1.0" encoding="UTF-8"?><dataroot xmlns:xsi="http://www.w3.org/2001/XMLSchema-instance">
	<MsgType>
		<MsgType>0</MsgType>
		<MessageName>Heartbeat</MessageName>
		<ComponentType>Message</ComponentType>
		<Category>Session</Category>
		<MsgID>1</MsgID>
		<Section>Session</Section>
		<AbbrName>Heartbeat</AbbrName>
		<OverrideAbbr>Heartbeat</OverrideAbbr>
		<Volume>Volume2</Volume>
		<NotReqXML>1</NotReqXML>
	</MsgType>
	<MsgType>
		<MsgType>1</MsgType>
		<MessageName>TestRequest</MessageName>
		<ComponentType>Message</ComponentType>
		<Category>Session</Category>
		<MsgID>2</MsgID>
		<Section>Session</Section>
		<AbbrName>TestRequest</AbbrName>
		<OverrideAbbr>TestRequest</OverrideAbbr>
		<Volume>Volume2</Volume>
		<NotReqXML>1</NotReqXML>
	</MsgType>
	<MsgType>
		<MsgType>2</MsgType>
		<MessageName>ResendRequest</MessageName>
		<ComponentType>Message</ComponentType>
		<Category>Session</Category>
		<MsgID>3</MsgID>
		<Section>Session</Section>
		<AbbrName>ResendRequest</AbbrName>
		<OverrideAbbr>ResendRequest</OverrideAbbr>
		<Volume>Volume2</Volume>
		<NotReqXML>1</NotReqXML>
	</MsgType>
	<MsgType>
		<MsgType>3</MsgType>
		<MessageName>Reject</MessageName>
		<ComponentType>Message</ComponentType>
		<Category>Session</Category>
		<MsgID>4</MsgID>
		<Section>Session</Section>
		<AbbrName>Reject</AbbrName>
		<OverrideAbbr>Reject</OverrideAbbr>
		<Volume>Volume2</Volume>
		<NotReqXML>1</NotReqXML>
	</MsgType>
	<MsgType>
		<MsgType>4</MsgType>
		<MessageName>SequenceReset</MessageName>
		<ComponentType>Message</ComponentType>
		<Category>Session</Category>
		<MsgID>5</MsgID>
		<Section>Session</Section>
		<AbbrName>SequenceReset</AbbrName>
		<OverrideAbbr>SequenceReset</OverrideAbbr>
		<Volume>Volume2</Volume>
		<NotReqXML>1</NotReqXML>
	</MsgType>
	<MsgType>
		<MsgType>5</MsgType>
		<MessageName>Logout</MessageName>
		<ComponentType>Message</ComponentType>
		<Category>Session</Category>
		<MsgID>6</MsgID>
		<Section>Session</Section>
		<AbbrName>Logout</AbbrName>
		<OverrideAbbr>Logout</OverrideAbbr>
		<Volume>Volume2</Volume>
		<NotReqXML>1</NotReqXML>
	</MsgType>
	<MsgType>
		<MsgType>8</MsgType>
		<MessageName>ExecutionReport</MessageName>
		<ComponentType>Message</ComponentType>
		<Category>SingleGeneralOrderHandling</Category>
		<MsgID>9</MsgID>
		<Section>Trade</Section>
		<AbbrName>ExecRpt</AbbrName>
		<Volume>Volume4</Volume>
		<NotReqXML>0</NotReqXML>
	</MsgType>
	<MsgType>
		<MsgType>9</MsgType>
		<MessageName>OrderCancelReject</MessageName>
		<ComponentType>Message</ComponentType>
		<Category>SingleGeneralOrderHandling</Category>
		<MsgID>10</MsgID>
		<Section>Trade</Section>
		<AbbrName>OrdCxlRej</AbbrName>
		<Volume>Volume4</Volume>
		<NotReqXML>0</NotReqXML>
	</MsgType>
	<MsgType>
		<MsgType>A</MsgType>
		<MessageName>Logon</MessageName>
		<ComponentType>Message</ComponentType>
		<Category>Session</Category>
		<MsgID>11</MsgID>
		<Section>Session</Section>
		<AbbrName>Logon</AbbrName>
		<OverrideAbbr>Logon</OverrideAbbr>
		<Volume>Volume2</Volume>
		<NotReqXML>1</NotReqXML>
	</MsgType>
	<MsgType>
		<MsgType>D</MsgType>
		<MessageName>NewOrderSingle</MessageName>
		<ComponentType>Message</ComponentType>
		<Category>SingleGeneralOrderHandling</Category>
		<MsgID>14</MsgID>
		<Section>Trade</Section>
		<AbbrName>Order</AbbrName>
		<Volume>Volume4</Volume>
		<NotReqXML>0</NotReqXML>
	</MsgType>
	<MsgType>
		<MsgType>F</MsgType>
		<MessageName>OrderCancelRequest</MessageName>
		<ComponentType>Message</ComponentType>
		<Category>SingleGeneralOrderHandling</Category>
		<MsgID>16</MsgID>
		<Section>Trade</Section>
		<AbbrName>OrdCxlReq</AbbrName>
		<Volume>Volume4</Volume>
		<NotReqXML>0</NotReqXML>
	</MsgType>
	<MsgType>
		<MsgType>G</MsgType>
		<MessageName>OrderCancelReplaceRequest</MessageName>
		<ComponentType>Message</ComponentType>
		<Category>SingleGeneralOrderHandling</Category>
		<MsgID>17</MsgID>
		<Section>Trade</Section>
		<AbbrName>OrdCxlRplcReq</AbbrName>
		<Volume>Volume4</Volume>
		<NotReqXML>0</NotReqXML>
	</MsgType>
	<MsgType>
		<MsgType>H</MsgType>
		<MessageName>OrderStatusRequest</MessageName>
		<ComponentType>Message</ComponentType>
		<Category>SingleGeneralOrderHandling</Category>
		<MsgID>18</MsgID>
		<Section>Trade</Section>
		<AbbrName>OrdStatReq</AbbrName>
		<Volume>Volume4</Volume>
		<NotReqXML>0</NotReqXML>
	</MsgType>
	<MsgType>
		<MsgType>AD</MsgType>
		<MessageName>TradeCaptureReportRequest</MessageName>
		<ComponentType>Message</ComponentType>
		<Category>TradeCapture</Category>
		<MsgID>63</MsgID>
		<Section>Post Trade</Section>
		<AbbrName>TrdCaptRptReq</AbbrName>
		<Volume>Volume5</Volume>
		<NotReqXML>0</NotReqXML>
	</MsgType>
	<MsgType>
		<MsgType>AE</MsgType>
		<MessageName>TradeCaptureReport</MessageName>
		<ComponentType>Message</ComponentType>
		<Category>TradeCapture</Category>
		<MsgID>64</MsgID>
		<Section>Post Trade</Section>
		<AbbrName>TrdCaptRpt</AbbrName>
		<Volume>Volume5</Volume>
		<NotReqXML>0</NotReqXML>
	</MsgType>
	<MsgType>
		<MsgType>AQ</MsgType>
		<MessageName>TradeCaptureReportRequestAck</MessageName>
		<ComponentType>Message</ComponentType>
		<Category>TradeCapture</Category>
		<MsgID>76</MsgID>
		<Section>Post Trade</Section>
		<AbbrName>TrdCaptRptReqAck</AbbrName>
		<Volume>Volume5</Volume>
		<NotReqXML>0</NotReqXML>
	</MsgType>
	
	
</dataroot>